book	chapter	part	date	title	conversation_id	original_path	extracted_file	sha256
진실대거짓	1	1	2026-08-03T01:55:54.968116+09:00	『진실 대 거짓』 제1장 「역사적 전망」	6a6f7673-5f8c-83e8-bced-ad40f463fd41	publish_site/conversations/2026-08-03_∞ºä∞ïñ-δîÇ-Ω▒░∞ºô-∞á£1∞₧Ñ-∞ù¡∞é¼∞áü-∞áäδº¥_6a6f76735f.md	01장_01_『진실 대 거짓』 제1장 「역사적 전망」_6a6f7673.md	14ce0ed0c25f5d6b3fc166503fba25345a1d5c1ba98013f304c15e52a5545f10
진실대거짓	5	1	2026-08-05T19:44:37.914906+09:00	『진실 대 거짓』 제5장 「진실의 본질적 구조」	6a731412-80c0-83ee-abc4-3d12409b5e05	publish_site/conversations/2026-08-05_∞ºä∞ïñ-δîÇ-Ω▒░∞ºô-∞á£5∞₧Ñ-∞ºä∞ïñ∞¥ÿ-δ│╕∞ºê∞áü-Ω╡¼∞í░_6a73141280.md	05장_01_『진실 대 거짓』 제5장 「진실의 본질적 구조」_6a731412.md	6bc638abfb27f3b687d967dfcf8fa9bbee8e33554cae610265db5fd7a718b176
진실대거짓	6	1	2026-08-06T09:42:15.012113+09:00	『진실 대 거짓』 제6장 「나타남 대 인과관계: 창조 대 진화」	6a73d85b-f524-83ee-978a-0d82ea0ae68f	publish_site/conversations/2026-08-06_∞ºä∞ïñ-δîÇ-Ω▒░∞ºô-∞á£6∞₧Ñ-δéÿφâÇδé¿-δîÇ-∞¥╕Ω│╝Ω┤ÇΩ│ä-∞░╜∞í░-δîÇ-∞ºäφÖö_6a73d85bf5.md	06장_01_『진실 대 거짓』 제6장 「나타남 대 인과관계_ 창조 대 진화」_6a73d85b.md	0cda91d6054887364f7b640ff3536e19765b71273376832daf7155780d77e17f
진실대거짓	7	1	2026-08-06T10:15:42.167023+09:00	『진실 대 거짓』 제7장 「진실의 생리학」	6a73e036-fe34-83ee-a28c-5ce511c0d66b	publish_site/conversations/2026-08-06_∞ºä∞ïñ-δîÇ-Ω▒░∞ºô-∞á£7∞₧Ñ-∞ºä∞ïñ∞¥ÿ-∞â¥δª¼φòÖ_6a73e036fe.md	07장_01_『진실 대 거짓』 제7장 「진실의 생리학」_6a73e036.md	35a15ace072598a78dbeaddb7eab29f817b996fbe47dc305ad94aeae3f56573f
진실대거짓	8	1	2026-08-06T15:32:17.790343+09:00	『진실 대 거짓』 제8장 「사실 대 허구: 실상과 환상」	6a742a5c-d834-83ee-9668-fccce96dfd50	publish_site/conversations/2026-08-06_∞ºä∞ïñ-δîÇ-Ω▒░∞ºô-∞á£8∞₧Ñ-∞é¼∞ïñ-δîÇ-φùêΩ╡¼-∞ïñ∞âüΩ│╝-φÖÿ∞âü_6a742a5cd8.md	08장_01_『진실 대 거짓』 제8장 「사실 대 허구_ 실상과 환상」_6a742a5c.md	638660293c0cc09c533ff1f4906680e5ca05bb8accb047cd2ae2df8b34412511
진실대거짓	8	2	2026-08-07T03:18:23.285532+09:00	『진실 대 거짓』 제8장 「사실 대 허구: 실상과 환상」	6a74cfbe-d5f8-83ee-b632-1abf597a4407	publish_site/conversations/2026-08-07_∞ºä∞ïñ-δîÇ-Ω▒░∞ºô-∞á£8∞₧Ñ-∞é¼∞ïñ-δîÇ-φùêΩ╡¼-∞ïñ∞âüΩ│╝-φÖÿ∞âü_6a74cfbed5.md	08장_02_『진실 대 거짓』 제8장 「사실 대 허구_ 실상과 환상」_6a74cfbe.md	da7ba608205fa49a4c50ae3a6d598b0e5c945cf026892b13aa552b8af923fde7
진실대거짓	16	1	2026-08-09T16:53:18.509572+09:00	진실 대 거짓 16장	6a7831d5-af7c-83e8-8fe4-4258bf3cfb83	publish_site/conversations/2026-08-09_∞ºä∞ïñ-δîÇ-Ω▒░∞ºô-16∞₧Ñ_6a7831d5af.md	16장_01_진실 대 거짓 16장_6a7831d5.md	5c76af794c3e2fe1f3259b479533b1b06f28dc56be6345dc9918b0d62443ae7c
현대인의의식수준	1	1	2026-07-24T22:54:41.867937+09:00	『현대인의 의식수준』 제1장 「해결책」	6a636e99-24d8-83e8-a0d0-72fa0eded36f	publish_site/conversations/2026-07-24_φÿäδîÇ∞¥╕∞¥ÿ-∞¥ÿ∞ï¥∞êÿ∞ñÇ-∞á£1∞₧Ñ-φò┤Ω▓░∞▒à_6a636e9924.md	01장_01_『현대인의 의식수준』 제1장 「해결책」_6a636e99.md	b60cbab9e20eeb8c04026acd9deb7258e32c572bd37de6720349e45a4d4c58fa
현대인의의식수준	1	2	2026-07-28T16:07:43.335035+09:00	『현대인의 의식수준』 제1장 「개관」|「해결책」	6a685538-5b18-83e8-ab41-c329b132290f	publish_site/conversations/2026-07-28_φÿäδîÇ∞¥╕∞¥ÿ-∞¥ÿ∞ï¥∞êÿ∞ñÇ-∞á£1∞₧Ñ-Ω░£Ω┤Ç-φò┤Ω▓░∞▒à_6a6855385b.md	01장_02_『현대인의 의식수준』 제1장 「개관」_「해결책」_6a685538.md	32734046a17ba426d6a134e58d9eeb9141598878d4d36a4174290fc2241d947e
현대인의의식수준	2	1	2026-07-25T00:51:10.898024+09:00	『현대인의 의식수준』 제2장 「이미지의 최면 효과」	6a6389ea-9f80-83e8-86ca-70553115cfa8	publish_site/conversations/2026-07-25_φÿäδîÇ∞¥╕∞¥ÿ-∞¥ÿ∞ï¥∞êÿ∞ñÇ-∞á£2∞₧Ñ-∞¥┤δ»╕∞ºÇ∞¥ÿ-∞╡£δ⌐┤-φÜ¿Ω│╝_6a6389ea9f.md	02장_01_『현대인의 의식수준』 제2장 「이미지의 최면 효과」_6a6389ea.md	60a84b3b2f77507f62953d922a3f7c05a8ed99c20e650aca16a2e3bccb0be87d
현대인의의식수준	2	2	2026-07-25T01:11:45.818647+09:00	『현대인의 의식수준』 제2장 「보호장치」·「해결책」	6a638ebd-3ae4-83ee-8ff4-ad20fe97518a	publish_site/conversations/2026-07-25_φÿäδîÇ∞¥╕∞¥ÿ-∞¥ÿ∞ï¥∞êÿ∞ñÇ-∞á£2∞₧Ñ-δ│┤φÿ╕∞₧Ñ∞╣ÿ-φò┤Ω▓░∞▒à_6a638ebd3a.md	02장_02_『현대인의 의식수준』 제2장 「보호장치」·「해결책」_6a638ebd.md	00156509465383421fc5c8c986a45afaa4a94bf470013836ceb0d924641dbd02
현대인의의식수준	2	3	2026-07-28T16:49:30.773083+09:00	『현대인의 의식수준』 제2장 「인간의 딜레마」| 「들어가며」·「진화로 인한 스트레스」	6a685f07-c7e0-83ee-b7e7-af23e618d767	publish_site/conversations/2026-07-28_φÿäδîÇ∞¥╕∞¥ÿ-∞¥ÿ∞ï¥∞êÿ∞ñÇ-∞á£2∞₧Ñ-∞¥╕Ω░ä∞¥ÿ-δö£δáêδºê-δôñ∞û┤Ω░Çδ⌐░-∞ºäφÖöδí£-∞¥╕φò£-∞èñφè╕δáê∞èñ_6a685f07c7.md	02장_03_『현대인의 의식수준』 제2장 「인간의 딜레마」_ 「들어가며」·「진화로 인한 스트레스」_6a685f07.md	833733b8cdd7866294a2e3f87b7e2125e2c6433673dbc25dc3feea6559a369e3
현대인의의식수준	2	4	2026-07-28T17:00:23.427174+09:00	『현대인의 의식수준』 제2장 「인간의 딜레마」|「맥락의 과학」	6a686186-c4e4-83e8-84f1-3006c19b39ec	publish_site/conversations/2026-07-28_φÿäδîÇ∞¥╕∞¥ÿ-∞¥ÿ∞ï¥∞êÿ∞ñÇ-∞á£2∞₧Ñ-∞¥╕Ω░ä∞¥ÿ-δö£δáêδºê-δºÑδ¥╜∞¥ÿ-Ω│╝φòÖ_6a686186c4.md	02장_04_『현대인의 의식수준』 제2장 「인간의 딜레마」_「맥락의 과학」_6a686186.md	632372f1671ea81e002a7de8ddd2530948da3aad0c8361d9b59bd976af69a962
현대인의의식수준	2	5	2026-07-28T17:40:41.380351+09:00	『현대인의 의식수준』 제2장 「인간의 딜레마」|「이미지의 최면 효과」	6a686b04-13bc-83ee-a18e-174c3f8a1eb9	publish_site/conversations/2026-07-28_φÿäδîÇ∞¥╕∞¥ÿ-∞¥ÿ∞ï¥∞êÿ∞ñÇ-∞á£2∞₧Ñ-∞¥╕Ω░ä∞¥ÿ-δö£δáêδºê-∞¥┤δ»╕∞ºÇ∞¥ÿ-∞╡£δ⌐┤-φÜ¿Ω│╝_6a686b0413.md	02장_05_『현대인의 의식수준』 제2장 「인간의 딜레마」_「이미지의 최면 효과」_6a686b04.md	aa28bb34b889eebb8fac68e77ac58d982be22a93f747dc2266bac885a85eea11
현대인의의식수준	2	6	2026-07-28T17:41:02.580763+09:00	『현대인의 의식수준』 제2장 「인간의 딜레마」|「보호장치」	6a686b19-ce90-83ee-8633-21835c7608bc	publish_site/conversations/2026-07-28_φÿäδîÇ∞¥╕∞¥ÿ-∞¥ÿ∞ï¥∞êÿ∞ñÇ-∞á£2∞₧Ñ-∞¥╕Ω░ä∞¥ÿ-δö£δáêδºê-δ│┤φÿ╕∞₧Ñ∞╣ÿ_6a686b19ce.md	02장_06_『현대인의 의식수준』 제2장 「인간의 딜레마」_「보호장치」_6a686b19.md	410f7a3b2f24981d3f75fadc96659cc7015e05ac29357018a2a0d0546b91521a
현대인의의식수준	3	1	2026-07-29T02:49:44.771574+09:00	『현대인의 의식수준』 제3장 「실재의 패러다임」 「패러다임 맹목」	6a68ebb5-631c-83ee-8ee5-ea3b3e111e55	publish_site/conversations/2026-07-29_φÿäδîÇ∞¥╕∞¥ÿ-∞¥ÿ∞ï¥∞êÿ∞ñÇ-∞á£3∞₧Ñ-∞ïñ∞₧¼∞¥ÿ-φî¿δƒ¼δïñ∞₧ä-φî¿δƒ¼δïñ∞₧ä-δº╣δ¬⌐_6a68ebb563.md	03장_01_『현대인의 의식수준』 제3장 「실재의 패러다임」 「패러다임 맹목」_6a68ebb5.md	7fae7731c132f4159706c4c6977056f6c9eba1ef71fa5b7f1802a6ceb167e874
현대인의의식수준	3	2	2026-07-29T03:09:25.201188+09:00	『현대인의 의식수준』 제3장 「실재의 패러다임」|「양자 실재: 의식 연구」	6a68f051-6958-83ee-866c-b42a4211d363	publish_site/conversations/2026-07-29_φÿäδîÇ∞¥╕∞¥ÿ-∞¥ÿ∞ï¥∞êÿ∞ñÇ-∞á£3∞₧Ñ-∞ïñ∞₧¼∞¥ÿ-φî¿δƒ¼δïñ∞₧ä-∞ûæ∞₧É-∞ïñ∞₧¼-∞¥ÿ∞ï¥-∞ù░Ω╡¼_6a68f05169.md	03장_02_『현대인의 의식수준』 제3장 「실재의 패러다임」_「양자 실재_ 의식 연구」_6a68f051.md	66a4158b5cd805026ded7bddbc3b106440dbaa8a3f5346933ae10fbbd67e98e5
현대인의의식수준	4	1	2026-07-25T21:31:14.308297+09:00	『현대인의 의식수준』 제4장 실재는 주관적인가, 객관적인가? - 「인간 정신의 구성」·「뇌 기능과 생리학」·「실재의 감각」	6a64ac8c-3ec8-83ee-8118-860e15063c78	publish_site/conversations/2026-07-25_φÿäδîÇ∞¥╕∞¥ÿ-∞¥ÿ∞ï¥∞êÿ∞ñÇ-∞á£4∞₧Ñ-∞ïñ∞₧¼δèö-∞ú╝Ω┤Ç∞áü∞¥╕Ω░Ç-Ω░¥Ω┤Ç∞áü∞¥╕Ω░Ç-∞¥╕Ω░ä-∞áò∞ïá∞¥ÿ-Ω╡¼∞ä▒-δçî-Ω╕░δèÑΩ│╝-∞â¥δª¼φòÖ-∞ïñ∞₧¼∞¥ÿ-Ω░ÉΩ░ü_6a64ac8c3e.md	04장_01_『현대인의 의식수준』 제4장 실재는 주관적인가, 객관적인가_ - 「인간 정신의 구성」·「뇌 기능과 생리학」·「실재의 감각」_6a64ac8c.md	c5d639dc6261255651016e0cbc419b8f8467e2245ba0e185c322174eac39f244
현대인의의식수준	4	2	2026-07-25T22:21:14.832203+09:00	『현대인의 의식수준』 제4장 실재는 주관적인가, 객관적인가? 「주관성의 지배」	6a64b846-ce0c-83e8-a238-51943f2292f5	publish_site/conversations/2026-07-25_φÿäδîÇ∞¥╕∞¥ÿ-∞¥ÿ∞ï¥∞êÿ∞ñÇ-∞á£4∞₧Ñ-∞ïñ∞₧¼δèö-∞ú╝Ω┤Ç∞áü∞¥╕Ω░Ç-Ω░¥Ω┤Ç∞áü∞¥╕Ω░Ç-∞ú╝Ω┤Ç∞ä▒∞¥ÿ-∞ºÇδ░░_6a64b846ce.md	04장_02_『현대인의 의식수준』 제4장 실재는 주관적인가, 객관적인가_ 「주관성의 지배」_6a64b846.md	6f8cbf5691f71810c1652f6a6c56fcee99ee3b30927f4227bcddf91eaa1aadf6
현대인의의식수준	4	3	2026-07-29T03:11:43.154707+09:00	『현대인의 의식수준』 제4장 「실재는 주관적인가, 객관적인가?」 들어가며 ― 개인 정체성: ‘자아’	6a68f0dc-e21c-83ee-aa92-5bef9e45c785	publish_site/conversations/2026-07-29_φÿäδîÇ∞¥╕∞¥ÿ-∞¥ÿ∞ï¥∞êÿ∞ñÇ-∞á£4∞₧Ñ-∞ïñ∞₧¼δèö-∞ú╝Ω┤Ç∞áü∞¥╕Ω░Ç-Ω░¥Ω┤Ç∞áü∞¥╕Ω░Ç-δôñ∞û┤Ω░Çδ⌐░-Ω░£∞¥╕-∞áò∞▓┤∞ä▒-∞₧É∞òä_6a68f0dce2.md	04장_03_『현대인의 의식수준』 제4장 「실재는 주관적인가, 객관적인가_」 들어가며 ― 개인 정체성_ ‘자아’_6a68f0dc.md	c64f4ea2c551d3ca5059e325641c52174626338afcf284ebbd3f7335637d7dc6
현대인의의식수준	4	4	2026-07-29T16:55:55.544437+09:00	『현대인의 의식수준』 제4장 「실재는 주관적인가, 객관적인가?」―「믿음과 과학」2	6a69b1b9-86f8-83ee-afeb-77a34cf27991	publish_site/conversations/2026-07-29_φÿäδîÇ∞¥╕∞¥ÿ-∞¥ÿ∞ï¥∞êÿ∞ñÇ-∞á£4∞₧Ñ-∞ïñ∞₧¼δèö-∞ú╝Ω┤Ç∞áü∞¥╕Ω░Ç-Ω░¥Ω┤Ç∞áü∞¥╕Ω░Çδ»┐∞¥îΩ│╝-Ω│╝φòÖ2_6a69b1b986.md	04장_04_『현대인의 의식수준』 제4장 「실재는 주관적인가, 객관적인가_」―「믿음과 과학」2_6a69b1b9.md	dc232b6443ecd47a1ff593cffd141cf7c6719c93e38ecfed955e0bb4bebf4b1e
현대인의의식수준	4	5	2026-07-29T16:55:57.712801+09:00	『현대인의 의식수준』 제4장 「실재는 주관적인가, 객관적인가?」―「믿음과 과학」1	6a69b20c-1248-83ee-a1f7-2eff727fa675	publish_site/conversations/2026-07-29_φÿäδîÇ∞¥╕∞¥ÿ-∞¥ÿ∞ï¥∞êÿ∞ñÇ-∞á£4∞₧Ñ-∞ïñ∞₧¼δèö-∞ú╝Ω┤Ç∞áü∞¥╕Ω░Ç-Ω░¥Ω┤Ç∞áü∞¥╕Ω░Çδ»┐∞¥îΩ│╝-Ω│╝φòÖ1_6a69b20c12.md	04장_05_『현대인의 의식수준』 제4장 「실재는 주관적인가, 객관적인가_」―「믿음과 과학」1_6a69b20c.md	0a516b85648a708d7455cb3757e94e01b303ead5ad317464c7fbe371774ace32
현대인의의식수준	5	1	2026-07-25T22:56:24.876673+09:00	『현대인의 의식수준』 제5장 「과학과 종교: 진실 수준」―「기적」	6a64c085-b2ec-83ee-98a0-40864f0094c4	publish_site/conversations/2026-07-25_φÿäδîÇ∞¥╕∞¥ÿ-∞¥ÿ∞ï¥∞êÿ∞ñÇ-∞á£5∞₧Ñ-Ω│╝φòÖΩ│╝-∞óàΩ╡É-∞ºä∞ïñ-∞êÿ∞ñÇΩ╕░∞áü_6a64c085b2.md	05장_01_『현대인의 의식수준』 제5장 「과학과 종교_ 진실 수준」―「기적」_6a64c085.md	9bdb8ec5c2a6b9569a8ad5a54a7c804a3558bec80c32966055bd050325695d1d
현대인의의식수준	5	2	2026-07-29T17:03:20.635168+09:00	『현대인의 의식수준』 제5장 「과학과 종교: 진실 수준」―「기적」	6a69b3c4-f8ec-83ee-8d91-e6d17905acd4	publish_site/conversations/2026-07-29_φÿäδîÇ∞¥╕∞¥ÿ-∞¥ÿ∞ï¥∞êÿ∞ñÇ-∞á£5∞₧Ñ-Ω│╝φòÖΩ│╝-∞óàΩ╡É-∞ºä∞ïñ-∞êÿ∞ñÇΩ╕░∞áü_6a69b3c4f8.md	05장_02_『현대인의 의식수준』 제5장 「과학과 종교_ 진실 수준」―「기적」_6a69b3c4.md	024d2dba0ce64332c4e99d8ef0ce95bdbdf5239ddbcedc925389f0c2f4774812
현대인의의식수준	6	1	2026-07-26T00:59:40.889481+09:00	『현대인의 의식수준』 제6장 「사회적 실재와 진실 수준」―도입부 분석	6a64dd68-5700-83e9-9b9f-db250f52a1fb	publish_site/conversations/2026-07-26_φÿäδîÇ∞¥╕∞¥ÿ-∞¥ÿ∞ï¥∞êÿ∞ñÇ-∞á£6∞₧Ñ-∞é¼φÜî∞áü-∞ïñ∞₧¼∞ÖÇ-∞ºä∞ïñ-∞êÿ∞ñÇδÅä∞₧àδ╢Ç-δ╢ä∞ä¥_6a64dd6857.md	06장_01_『현대인의 의식수준』 제6장 「사회적 실재와 진실 수준」―도입부 분석_6a64dd68.md	fbe78c35e2b83860bc1df815a46d4510a81bafb2921ad7faddc503c9594b282c
현대인의의식수준	6	2	2026-07-26T01:32:57.745136+09:00	『현대인의 의식수준』 제6장 「사회적 실재와 진실 수준」 「헌법적 교착 상태」―「타협과 해결」	6a64e536-2740-83ee-98d0-44a10b9ae31e	publish_site/conversations/2026-07-26_φÿäδîÇ∞¥╕∞¥ÿ-∞¥ÿ∞ï¥∞êÿ∞ñÇ-∞á£6∞₧Ñ-∞é¼φÜî∞áü-∞ïñ∞₧¼∞ÖÇ-∞ºä∞ïñ-∞êÿ∞ñÇ-φùîδ▓ò∞áü-Ω╡É∞░⌐-∞âüφâ£φâÇφÿæΩ│╝-φò┤Ω▓░_6a64e53627.md	06장_02_『현대인의 의식수준』 제6장 「사회적 실재와 진실 수준」 「헌법적 교착 상태」―「타협과 해결」_6a64e536.md	b4bd9a39a20c5e307aa40a1afe97a8076bb646fa746fa2e536762530c1d0af49
현대인의의식수준	6	3	2026-07-29T21:28:54.544064+09:00	『현대인의 의식수준』 제6장 「사회적 실재와 진실 수준」||「헌법적 교착 상태」	6a69f202-3860-83e9-8b51-0e660a5e7fea	publish_site/conversations/2026-07-29_φÿäδîÇ∞¥╕∞¥ÿ-∞¥ÿ∞ï¥∞êÿ∞ñÇ-∞á£6∞₧Ñ-∞é¼φÜî∞áü-∞ïñ∞₧¼∞ÖÇ-∞ºä∞ïñ-∞êÿ∞ñÇ-φùîδ▓ò∞áü-Ω╡É∞░⌐-∞âüφâ£_6a69f20238.md	06장_03_『현대인의 의식수준』 제6장 「사회적 실재와 진실 수준」_「헌법적 교착 상태」_6a69f202.md	c5152495454d98e59747d65a6c96cb048e27c339a069567d9e8e6e037aa38b4e
현대인의의식수준	7	1	2026-07-26T14:57:44.533486+09:00	『현대인의 의식수준』 제7장 「무엇이 ‘진짜’인가?」―도입부·「하나의 해석으로서의 실재」·「실재를 분간하는 능력」	6a65a1aa-d860-83ee-a4eb-ac1f500343fe	publish_site/conversations/2026-07-26_φÿäδîÇ∞¥╕∞¥ÿ-∞¥ÿ∞ï¥∞êÿ∞ñÇ-∞á£7∞₧Ñ-δ¼┤∞ùç∞¥┤-∞ºä∞º£∞¥╕Ω░ÇδÅä∞₧àδ╢Ç-φòÿδéÿ∞¥ÿ-φò┤∞ä¥∞£╝δí£∞ä£∞¥ÿ-∞ïñ∞₧¼-∞ïñ∞₧¼δÑ╝-δ╢äΩ░äφòÿδèö-δèÑδáÑ_6a65a1aad8.md	07장_01_『현대인의 의식수준』 제7장 「무엇이 ‘진짜’인가_」―도입부·「하나의 해석으로서의 실재」·「실재를 분간하는 능력」_6a65a1aa.md	5616d975f188cdc0e3d48eb376b9b6f17a824bcd7ff43138ca1873a62d68259d
현대인의의식수준	7	2	2026-07-26T15:00:21.855823+09:00	『현대인의 의식수준』 제7장 「무엇이 ‘진짜’인가?」- 「진실과 실재의 진보적 본성」·「영적인 것은 ‘진짜’인가?」	6a65a271-570c-83ee-80a8-6cba4ea1d823	publish_site/conversations/2026-07-26_φÿäδîÇ∞¥╕∞¥ÿ-∞¥ÿ∞ï¥∞êÿ∞ñÇ-∞á£7∞₧Ñ-δ¼┤∞ùç∞¥┤-∞ºä∞º£∞¥╕Ω░Ç-∞ºä∞ïñΩ│╝-∞ïñ∞₧¼∞¥ÿ-∞ºäδ│┤∞áü-δ│╕∞ä▒-∞ÿü∞áü∞¥╕-Ω▓â∞¥Ç-∞ºä∞º£∞¥╕Ω░Ç_6a65a27157.md	07장_02_『현대인의 의식수준』 제7장 「무엇이 ‘진짜’인가_」- 「진실과 실재의 진보적 본성」·「영적인 것은 ‘진짜’인가_」_6a65a271.md	e4c6f6310885fee2581611846542dc5689356daacf583a9428345475b47f0559
현대인의의식수준	7	3	2026-07-26T16:20:26.325595+09:00	『현대인의 의식수준』 제7장 「무엇이 ‘진짜’인가?」| 「현실 검증과 뇌 기능: 정신 장애」	6a65b536-15e8-83ee-8ce5-cd9b6634798b	publish_site/conversations/2026-07-26_φÿäδîÇ∞¥╕∞¥ÿ-∞¥ÿ∞ï¥∞êÿ∞ñÇ-∞á£7∞₧Ñ-δ¼┤∞ùç∞¥┤-∞ºä∞º£∞¥╕Ω░Ç-φÿä∞ïñ-Ω▓Ç∞ª¥Ω│╝-δçî-Ω╕░δèÑ-∞áò∞ïá-∞₧Ñ∞òá_6a65b53615.md	07장_03_『현대인의 의식수준』 제7장 「무엇이 ‘진짜’인가_」_ 「현실 검증과 뇌 기능_ 정신 장애」_6a65b536.md	5cdc60cfe9d5c4b828adf8d0ea0fe05d1ca82d49e5953748839ac43b5b593631
현대인의의식수준	7	4	2026-07-29T23:09:45.796913+09:00	『현대인의 의식수준』 제7장 「무엇이 ‘진짜’인가?」	6a6a09a5-32e0-83e8-ab17-74d100e5aa56	publish_site/conversations/2026-07-29_φÿäδîÇ∞¥╕∞¥ÿ-∞¥ÿ∞ï¥∞êÿ∞ñÇ-∞á£7∞₧Ñ-δ¼┤∞ùç∞¥┤-∞ºä∞º£∞¥╕Ω░Ç_6a6a09a532.md	07장_04_『현대인의 의식수준』 제7장 「무엇이 ‘진짜’인가_」_6a6a09a5.md	c44a8d698cb10dd64241814763b8fd4e85be01d6c5a0ebe12a0c53cf7f8ec390
현대인의의식수준	7	5	2026-07-29T23:12:44.734829+09:00	『현대인의 의식수준』 제7장 「무엇이 ‘진짜’인가?」|| 「하나의 해석으로서의 실재」·「실재를 분간하는 능력」	6a6a0a4e-1538-83e8-a295-18275af14c66	publish_site/conversations/2026-07-29_φÿäδîÇ∞¥╕∞¥ÿ-∞¥ÿ∞ï¥∞êÿ∞ñÇ-∞á£7∞₧Ñ-δ¼┤∞ùç∞¥┤-∞ºä∞º£∞¥╕Ω░Ç-φòÿδéÿ∞¥ÿ-φò┤∞ä¥∞£╝δí£∞ä£∞¥ÿ-∞ïñ∞₧¼-∞ïñ∞₧¼δÑ╝-δ╢äΩ░äφòÿδèö-δèÑδáÑ_6a6a0a4e15.md	07장_05_『현대인의 의식수준』 제7장 「무엇이 ‘진짜’인가_」_ 「하나의 해석으로서의 실재」·「실재를 분간하는 능력」_6a6a0a4e.md	91c9f7574be11f2e8d763952cb9a8925ffd3f9c963c5c3dc42b3d475a69d189b
현대인의의식수준	7	6	2026-07-30T01:02:55.408217+09:00	『현대인의 의식수준』 제7장 「무엇이 ‘진짜’인가?」||「내용 대 맥락」·「사회적 산물로서의 실재」	6a6a2429-5ee4-83ee-a40d-8fdb369de693	publish_site/conversations/2026-07-30_φÿäδîÇ∞¥╕∞¥ÿ-∞¥ÿ∞ï¥∞êÿ∞ñÇ-∞á£7∞₧Ñ-δ¼┤∞ùç∞¥┤-∞ºä∞º£∞¥╕Ω░Ç-δé┤∞Ü⌐-δîÇ-δºÑδ¥╜-∞é¼φÜî∞áü-∞é░δ¼╝δí£∞ä£∞¥ÿ-∞ïñ∞₧¼_6a6a24295e.md	07장_06_『현대인의 의식수준』 제7장 「무엇이 ‘진짜’인가_」_「내용 대 맥락」·「사회적 산물로서의 실재」_6a6a2429.md	b4671c444264214eb164f9d38821ddfe42d62dda0ce1bd17895f58fc5d05d983
현대인의의식수준	7	7	2026-07-30T02:53:11.914619+09:00	『현대인의 의식수준』 제7장 「무엇이 ‘진짜’인가?」|「진실과 실재의 진보적 본성」·「영적인 것은 ‘진짜’인가?」	6a6a3e03-d938-83e8-ba47-01d2121c016c	publish_site/conversations/2026-07-30_φÿäδîÇ∞¥╕∞¥ÿ-∞¥ÿ∞ï¥∞êÿ∞ñÇ-∞á£7∞₧Ñ-δ¼┤∞ùç∞¥┤-∞ºä∞º£∞¥╕Ω░Ç-∞ºä∞ïñΩ│╝-∞ïñ∞₧¼∞¥ÿ-∞ºäδ│┤∞áü-δ│╕∞ä▒-∞ÿü∞áü∞¥╕-Ω▓â∞¥Ç-∞ºä∞º£∞¥╕Ω░Ç_6a6a3e03d9.md	07장_07_『현대인의 의식수준』 제7장 「무엇이 ‘진짜’인가_」_「진실과 실재의 진보적 본성」·「영적인 것은 ‘진짜’인가_」_6a6a3e03.md	ce1c6dcb53763d5b021a988ba79b6331a7722a361c5ff51ae7cd6d71fc52bb3d
현대인의의식수준	7	8	2026-07-30T03:34:19.291191+09:00	『현대인의 의식수준』 제7장 「무엇이 ‘진짜’인가?」||「영적 실재 대 영적 환상」	6a6a47a6-e61c-83ee-bf82-fa83940fb73b	publish_site/conversations/2026-07-30_φÿäδîÇ∞¥╕∞¥ÿ-∞¥ÿ∞ï¥∞êÿ∞ñÇ-∞á£7∞₧Ñ-δ¼┤∞ùç∞¥┤-∞ºä∞º£∞¥╕Ω░Ç-∞ÿü∞áü-∞ïñ∞₧¼-δîÇ-∞ÿü∞áü-φÖÿ∞âü_6a6a47a6e6.md	07장_08_『현대인의 의식수준』 제7장 「무엇이 ‘진짜’인가_」_「영적 실재 대 영적 환상」_6a6a47a6.md	9157608c9da75ae9875be43f64019b974944e667d7b09a92569aea54f90279dc
현대인의의식수준	7	9	2026-07-31T18:00:36.422260+09:00	『현대인의 의식수준』 제7장 「무엇이 ‘진짜’인가?」||「정신병」·「극단주의」	6a6c6430-c134-83ee-a541-7066b7611ff6	publish_site/conversations/2026-07-31_φÿäδîÇ∞¥╕∞¥ÿ-∞¥ÿ∞ï¥∞êÿ∞ñÇ-∞á£7∞₧Ñ-δ¼┤∞ùç∞¥┤-∞ºä∞º£∞¥╕Ω░Ç-∞áò∞ïáδ│æ-Ω╖╣δï¿∞ú╝∞¥ÿ_6a6c6430c1.md	07장_09_『현대인의 의식수준』 제7장 「무엇이 ‘진짜’인가_」_「정신병」·「극단주의」_6a6c6430.md	e8c0c172df663cbf8ba0b876f45be4fc54ac86d18e4f308e4fcc93d32f8cdc71
현대인의의식수준	8	1	2026-07-26T20:07:42.022043+09:00	『현대인의 의식수준』 제8장 「문화적 전제와 진실」―「사회적 프로그래밍으로부터의 독립」	6a65ea46-0164-83ee-970b-15d3b44a5cf9	publish_site/conversations/2026-07-26_φÿäδîÇ∞¥╕∞¥ÿ-∞¥ÿ∞ï¥∞êÿ∞ñÇ-∞á£8∞₧Ñ-δ¼╕φÖö∞áü-∞áä∞á£∞ÖÇ-∞ºä∞ïñ∞é¼φÜî∞áü-φöäδí£Ω╖╕δ₧ÿδ░ì∞£╝δí£δ╢Çφä░∞¥ÿ-δÅàδª╜_6a65ea4601.md	08장_01_『현대인의 의식수준』 제8장 「문화적 전제와 진실」―「사회적 프로그래밍으로부터의 독립」_6a65ea46.md	57f426a07938eeeebf5a96239d06c8cd49fac24d25033d3cab7ec0eac3420561
현대인의의식수준	8	2	2026-07-26T20:12:45.001680+09:00	『현대인의 의식수준』 제8장 「문화적 전제와 진실」―「문화적 환상에 대한 대책」·「지혜의 한계와 타당한 사회적 진실」	6a65eb8f-7a20-83ee-9c34-bfc282ca46f2	publish_site/conversations/2026-07-26_φÿäδîÇ∞¥╕∞¥ÿ-∞¥ÿ∞ï¥∞êÿ∞ñÇ-∞á£8∞₧Ñ-δ¼╕φÖö∞áü-∞áä∞á£∞ÖÇ-∞ºä∞ïñδ¼╕φÖö∞áü-φÖÿ∞âü∞ùÉ-δîÇφò£-δîÇ∞▒à-∞ºÇφÿ£∞¥ÿ-φò£Ω│ä∞ÖÇ-φâÇδï╣φò£-∞é¼φÜî∞áü-∞ºä∞ïñ_6a65eb8f7a.md	08장_02_『현대인의 의식수준』 제8장 「문화적 전제와 진실」―「문화적 환상에 대한 대책」·「지혜의 한계와 타당한 사회적 진실」_6a65eb8f.md	a828e8d8edaae82660875ba156cec0b920943add8e16d50c7c7347d1996b9c74
현대인의의식수준	8	3	2026-07-30T11:47:50.457533+09:00	『현대인의 의식수준』 제8장 「문화적 전제와 진실」||「지혜 대 대중적 인기」	6a6abb54-0abc-83ee-93c9-e9f5befe9979	publish_site/conversations/2026-07-30_φÿäδîÇ∞¥╕∞¥ÿ-∞¥ÿ∞ï¥∞êÿ∞ñÇ-∞á£8∞₧Ñ-δ¼╕φÖö∞áü-∞áä∞á£∞ÖÇ-∞ºä∞ïñ-∞ºÇφÿ£-δîÇ-δîÇ∞ñæ∞áü-∞¥╕Ω╕░_6a6abb540a.md	08장_03_『현대인의 의식수준』 제8장 「문화적 전제와 진실」_「지혜 대 대중적 인기」_6a6abb54.md	163c5999cf57647171844a6bb5889c218f41f9084d0c7735db30b5e1ab76891b
현대인의의식수준	8	4	2026-07-30T12:01:52.688295+09:00	『현대인의 의식수준』 제8장 「문화적 전제와 진실」||「문화적 환상에 대한 대책」·「지혜의 한계와 타당한 사회적 진실」	6a6abe9a-cf20-83ee-98be-6fdc836675ad	publish_site/conversations/2026-07-30_φÿäδîÇ∞¥╕∞¥ÿ-∞¥ÿ∞ï¥∞êÿ∞ñÇ-∞á£8∞₧Ñ-δ¼╕φÖö∞áü-∞áä∞á£∞ÖÇ-∞ºä∞ïñ-δ¼╕φÖö∞áü-φÖÿ∞âü∞ùÉ-δîÇφò£-δîÇ∞▒à-∞ºÇφÿ£∞¥ÿ-φò£Ω│ä∞ÖÇ-φâÇδï╣φò£-∞é¼φÜî∞áü-∞ºä∞ïñ_6a6abe9acf.md	08장_04_『현대인의 의식수준』 제8장 「문화적 전제와 진실」_「문화적 환상에 대한 대책」·「지혜의 한계와 타당한 사회적 진실」_6a6abe9a.md	30740218fc0c96503dafc3f8eccd2f0c8d2ba068968edf25b30bf81a1ae1ce8c
현대인의의식수준	9	1	2026-07-26T22:16:11.977140+09:00	『현대인의 의식수준』 제9장 「믿음」 도입부 분석	6a660899-0044-83e8-9728-a9af89cfb12f	publish_site/conversations/2026-07-26_φÿäδîÇ∞¥╕∞¥ÿ-∞¥ÿ∞ï¥∞êÿ∞ñÇ-∞á£9∞₧Ñ-δ»┐∞¥î-δÅä∞₧àδ╢Ç-δ╢ä∞ä¥_6a66089900.md	09장_01_『현대인의 의식수준』 제9장 「믿음」 도입부 분석_6a660899.md	4437c0a69d40b20b58c5790395c0c6c6193755a142e6f5f5a6dbece4c8305ebf
현대인의의식수준	9	2	2026-07-26T22:33:43.683801+09:00	『현대인의 의식수준』 제9장 「믿음」 「의식 측정의 토대」―「믿음의 진화」―「믿음 대 이성」	6a660cb3-8bec-83ee-a24b-39a6d195bfcf	publish_site/conversations/2026-07-26_φÿäδîÇ∞¥╕∞¥ÿ-∞¥ÿ∞ï¥∞êÿ∞ñÇ-∞á£9∞₧Ñ-δ»┐∞¥î-∞¥ÿ∞ï¥-∞╕í∞áò∞¥ÿ-φåáδîÇδ»┐∞¥î∞¥ÿ-∞ºäφÖöδ»┐∞¥î-δîÇ-∞¥┤∞ä▒_6a660cb38b.md	09장_02_『현대인의 의식수준』 제9장 「믿음」 「의식 측정의 토대」―「믿음의 진화」―「믿음 대 이성」_6a660cb3.md	282e0ee228bbdaba7d383882b34c225f233251a3aca8c583391cfa72c02517fc
현대인의의식수준	9	3	2026-07-26T23:59:25.777411+09:00	『현대인의 의식수준』 제9장 「믿음」 「미국 내 유신론과 이신론」―「이성의 불가피한 필요성」―「미국 사회에서 종교의 영향」―「미국의 주춧돌 역할을 하는 믿음」	6a6620ca-e880-83e8-b79f-6b8e930e0c6f	publish_site/conversations/2026-07-26_φÿäδîÇ∞¥╕∞¥ÿ-∞¥ÿ∞ï¥∞êÿ∞ñÇ-∞á£9∞₧Ñ-δ»┐∞¥î-δ»╕Ω╡¡-δé┤-∞£á∞ïáδíáΩ│╝-∞¥┤∞ïáδíá∞¥┤∞ä▒∞¥ÿ-δ╢êΩ░Çφö╝φò£-φòä∞Üö∞ä▒δ»╕Ω╡¡-∞é¼φÜî∞ùÉ∞ä£-∞óàΩ╡É∞¥ÿ-∞ÿüφûÑδ»╕Ω╡¡∞¥ÿ-∞ú╝∞╢ºδÅî-∞ù¡φòá∞¥ä-φòÿδèö-δ»┐∞¥î_6a6620cae8.md	09장_03_『현대인의 의식수준』 제9장 「믿음」 「미국 내 유신론과 이신론」―「이성의 불가피한 필요성」―「미국 사회에서 종교의 영향」―「미국의 주춧돌 역할을 하는 믿음」_6a6620ca.md	989817d004a1808099b3e6d81466368111531a6a192ccf0035f513d1d925b482
현대인의의식수준	9	4	2026-07-30T12:13:52.126103+09:00	『현대인의 의식수준』 제9장 「믿음」	6a6ac16d-b488-83e8-b968-1b527da38d45	publish_site/conversations/2026-07-30_φÿäδîÇ∞¥╕∞¥ÿ-∞¥ÿ∞ï¥∞êÿ∞ñÇ-∞á£9∞₧Ñ-δ»┐∞¥î_6a6ac16db4.md	09장_04_『현대인의 의식수준』 제9장 「믿음」_6a6ac16d.md	8cd4db436d70e3520a8065c8c479fb6843f2abe4ba0e1f23158f3d7ed93a816a
현대인의의식수준	9	5	2026-07-30T12:23:57.389991+09:00	『현대인의 의식수준』 제9장 「믿음」||「의식 측정의 토대」·「믿음의 진화」	6a6ac3cb-1f94-83ee-b096-e1d73bdbf870	publish_site/conversations/2026-07-30_φÿäδîÇ∞¥╕∞¥ÿ-∞¥ÿ∞ï¥∞êÿ∞ñÇ-∞á£9∞₧Ñ-δ»┐∞¥î-∞¥ÿ∞ï¥-∞╕í∞áò∞¥ÿ-φåáδîÇ-δ»┐∞¥î∞¥ÿ-∞ºäφÖö_6a6ac3cb1f.md	09장_05_『현대인의 의식수준』 제9장 「믿음」_「의식 측정의 토대」·「믿음의 진화」_6a6ac3cb.md	a4a6033db0dbcca3ea451bc39a9ef2445d33094bf5a3df407ee751e3872f3f7e
현대인의의식수준	9	6	2026-07-30T13:02:21.376686+09:00	『현대인의 의식수준』 제9장 「믿음」||「믿음 대 이성」·「호기심: 생존을 위한 정신적 엔진」·「믿음의 발전」	6a6acccb-1530-83e8-9d97-5de90dc6d49e	publish_site/conversations/2026-07-30_φÿäδîÇ∞¥╕∞¥ÿ-∞¥ÿ∞ï¥∞êÿ∞ñÇ-∞á£9∞₧Ñ-δ»┐∞¥î-δ»┐∞¥î-δîÇ-∞¥┤∞ä▒-φÿ╕Ω╕░∞ï¼-∞â¥∞í┤∞¥ä-∞£äφò£-∞áò∞ïá∞áü-∞ùö∞ºä-δ»┐∞¥î∞¥ÿ-δ░£∞áä_6a6acccb15.md	09장_06_『현대인의 의식수준』 제9장 「믿음」_「믿음 대 이성」·「호기심_ 생존을 위한 정신적 엔진」·「믿음의 발전」_6a6acccb.md	9a7f0aa43110a45ad89cdda0d8f9667587407ec921b9383835ffdb5c345b075f
현대인의의식수준	9	7	2026-07-30T14:02:25.524929+09:00	『현대인의 의식수준』 제9장 「믿음」||「미국 내 유신론과 이신론」·「이성의 불가피한 필요성」·「미국 사회에서 종교의 영향」·「미국의 주춧돌 역할을 하는 믿음」	6a6adade-0c24-83ee-bd46-b3ba33cf756d	publish_site/conversations/2026-07-30_φÿäδîÇ∞¥╕∞¥ÿ-∞¥ÿ∞ï¥∞êÿ∞ñÇ-∞á£9∞₧Ñ-δ»┐∞¥î-δ»╕Ω╡¡-δé┤-∞£á∞ïáδíáΩ│╝-∞¥┤∞ïáδíá-∞¥┤∞ä▒∞¥ÿ-δ╢êΩ░Çφö╝φò£-φòä∞Üö∞ä▒-δ»╕Ω╡¡-∞é¼φÜî∞ùÉ∞ä£-∞óàΩ╡É∞¥ÿ-∞ÿüφûÑ-δ»╕Ω╡¡∞¥ÿ-∞ú╝∞╢ºδÅî-∞ù¡φòá∞¥ä-φòÿδèö-δ»┐∞¥î_6a6adade0c.md	09장_07_『현대인의 의식수준』 제9장 「믿음」_「미국 내 유신론과 이신론」·「이성의 불가피한 필요성」·「미국 사회에서 종교의 영향」·「미국의 주춧돌 역할을 하는 믿음」_6a6adade.md	e3f7ef551157f465b56a6007427ad7a1b82d5033d2289c35bfd4db346ea43d89
현대인의의식수준	10	1	2026-07-27T01:24:07.914205+09:00	『현대인의 의식수준』 제10장 「경험적 요소 대 개념적 요소」- 「통치권」·「영적 의도」	6a6634a2-fb98-83ee-be04-2bd33a894a2c	publish_site/conversations/2026-07-27_φÿäδîÇ∞¥╕∞¥ÿ-∞¥ÿ∞ï¥∞êÿ∞ñÇ-∞á£10∞₧Ñ-Ω▓╜φùÿ∞áü-∞Üö∞åî-δîÇ-Ω░£δàÉ∞áü-∞Üö∞åî-φå╡∞╣ÿΩ╢î-∞ÿü∞áü-∞¥ÿδÅä_6a6634a2fb.md	10장_01_『현대인의 의식수준』 제10장 「경험적 요소 대 개념적 요소」- 「통치권」·「영적 의도」_6a6634a2.md	886a7a8caa269e54a296ca628e150323fb3daef34dcb3d8bcec9ddb403b9b813
현대인의의식수준	10	2	2026-07-27T14:39:17.896778+09:00	『현대인의 의식수준』 제10장 「경험적 요소 대 개념적 요소」| 「경험적 확인」·「저항」	6a66ef02-6984-83e8-a3bb-da0c8fb93cd0	publish_site/conversations/2026-07-27_φÿäδîÇ∞¥╕∞¥ÿ-∞¥ÿ∞ï¥∞êÿ∞ñÇ-∞á£10∞₧Ñ-Ω▓╜φùÿ∞áü-∞Üö∞åî-δîÇ-Ω░£δàÉ∞áü-∞Üö∞åî-Ω▓╜φùÿ∞áü-φÖò∞¥╕-∞áÇφò¡_6a66ef0269.md	10장_02_『현대인의 의식수준』 제10장 「경험적 요소 대 개념적 요소」_ 「경험적 확인」·「저항」_6a66ef02.md	e117e540b77a2ced1e27a8d4ffe8ae110be0fb5432eddb8015e8bd2cf066c714
현대인의의식수준	10	3	2026-07-27T14:39:49.394237+09:00	『현대인의 의식수준』 제10장 「경험적 요소 대 개념적 요소」―「영적 발전」	6a66ef08-20f8-83e8-9a7f-41e0a53694c7	publish_site/conversations/2026-07-27_φÿäδîÇ∞¥╕∞¥ÿ-∞¥ÿ∞ï¥∞êÿ∞ñÇ-∞á£10∞₧Ñ-Ω▓╜φùÿ∞áü-∞Üö∞åî-δîÇ-Ω░£δàÉ∞áü-∞Üö∞åî∞ÿü∞áü-δ░£∞áä_6a66ef0820.md	10장_03_『현대인의 의식수준』 제10장 「경험적 요소 대 개념적 요소」―「영적 발전」_6a66ef08.md	702fdc56f886b35fc4293185ba629be259eb534e4887134e99dfa6d9af4591df
현대인의의식수준	10	4	2026-07-30T16:08:24.339145+09:00	『현대인의 의식수준』 제10장 「경험적 요소 대 개념적 요소」||「누가 앎의 주체인가?」	6a6af84a-6270-83e8-92bd-bf3d4e189928	publish_site/conversations/2026-07-30_φÿäδîÇ∞¥╕∞¥ÿ-∞¥ÿ∞ï¥∞êÿ∞ñÇ-∞á£10∞₧Ñ-Ω▓╜φùÿ∞áü-∞Üö∞åî-δîÇ-Ω░£δàÉ∞áü-∞Üö∞åî-δêäΩ░Ç-∞òÄ∞¥ÿ-∞ú╝∞▓┤∞¥╕Ω░Ç_6a6af84a62.md	10장_04_『현대인의 의식수준』 제10장 「경험적 요소 대 개념적 요소」_「누가 앎의 주체인가_」_6a6af84a.md	b1828b33bf6cefc8f8046b2ca63404501db01451b6f39f76d12b6eb1316c74bd
현대인의의식수준	10	5	2026-07-30T16:11:06.433320+09:00	『현대인의 의식수준』 제10장 「경험적 요소 대 개념적 요소」||「통치권」·「영적 의도」	6a6af902-848c-83ee-b704-1b72cdb27ba7	publish_site/conversations/2026-07-30_φÿäδîÇ∞¥╕∞¥ÿ-∞¥ÿ∞ï¥∞êÿ∞ñÇ-∞á£10∞₧Ñ-Ω▓╜φùÿ∞áü-∞Üö∞åî-δîÇ-Ω░£δàÉ∞áü-∞Üö∞åî-φå╡∞╣ÿΩ╢î-∞ÿü∞áü-∞¥ÿδÅä_6a6af90284.md	10장_05_『현대인의 의식수준』 제10장 「경험적 요소 대 개념적 요소」_「통치권」·「영적 의도」_6a6af902.md	82451db86201b9caa427df577f56e2725dc81c54000bc79676273fb16d92ae3e
현대인의의식수준	10	6	2026-07-31T17:02:00.891461+09:00	『현대인의 의식수준』 제10장 「경험적 요소 대 개념적 요소」||「경험적 확인」·「저항」·「영적 발전」	6a6c5673-2240-83ee-b410-943aaf70e888	publish_site/conversations/2026-07-31_φÿäδîÇ∞¥╕∞¥ÿ-∞¥ÿ∞ï¥∞êÿ∞ñÇ-∞á£10∞₧Ñ-Ω▓╜φùÿ∞áü-∞Üö∞åî-δîÇ-Ω░£δàÉ∞áü-∞Üö∞åî-Ω▓╜φùÿ∞áü-φÖò∞¥╕-∞áÇφò¡-∞ÿü∞áü-δ░£∞áä_6a6c567322.md	10장_06_『현대인의 의식수준』 제10장 「경험적 요소 대 개념적 요소」_「경험적 확인」·「저항」·「영적 발전」_6a6c5673.md	d3043f6bfbea94714942b2b6a869fb7ee8caa0f410412e556549c04d9d954831
현대인의의식수준	11	1	2026-07-27T14:40:29.406264+09:00	『현대인의 의식수준』 제11장 「신념, 신뢰 그리고 신뢰도」| 「사회적 기반: 정보/허위정보」	6a66ef48-ac50-83e8-bd52-af587cb448e7	publish_site/conversations/2026-07-27_φÿäδîÇ∞¥╕∞¥ÿ-∞¥ÿ∞ï¥∞êÿ∞ñÇ-∞á£11∞₧Ñ-∞ïáδàÉ-∞ïáδó░-Ω╖╕δª¼Ω│á-∞ïáδó░δÅä-∞é¼φÜî∞áü-Ω╕░δ░ÿ-∞áòδ│┤-φùê∞£ä∞áòδ│┤_6a66ef48ac.md	11장_01_『현대인의 의식수준』 제11장 「신념, 신뢰 그리고 신뢰도」_ 「사회적 기반_ 정보_허위정보」_6a66ef48.md	382944e4ac8d4e93233d0773811d135cc6e490fe9528e786e92ba120160dc2c2
현대인의의식수준	11	2	2026-07-27T14:51:56.163961+09:00	『현대인의 의식수준』 제11장 「신념, 신뢰 그리고 신뢰도」―「믿음과 신뢰의 생존」·「현실 검증의 상실」	6a66f1f8-82d0-83ee-b277-b44980215503	publish_site/conversations/2026-07-27_φÿäδîÇ∞¥╕∞¥ÿ-∞¥ÿ∞ï¥∞êÿ∞ñÇ-∞á£11∞₧Ñ-∞ïáδàÉ-∞ïáδó░-Ω╖╕δª¼Ω│á-∞ïáδó░δÅäδ»┐∞¥îΩ│╝-∞ïáδó░∞¥ÿ-∞â¥∞í┤-φÿä∞ïñ-Ω▓Ç∞ª¥∞¥ÿ-∞âü∞ïñ_6a66f1f882.md	11장_02_『현대인의 의식수준』 제11장 「신념, 신뢰 그리고 신뢰도」―「믿음과 신뢰의 생존」·「현실 검증의 상실」_6a66f1f8.md	c7705700e9a4ca3df98cb952bf9a6f97a00b4744cf585b481358dd3f918666a2
현대인의의식수준	11	3	2026-07-27T15:03:10.690592+09:00	『현대인의 의식수준』 제11장 「신념, 신뢰 그리고 신뢰도」―「진실의 역전」	6a66f49b-9c5c-83ee-af51-299fb74eb3f4	publish_site/conversations/2026-07-27_φÿäδîÇ∞¥╕∞¥ÿ-∞¥ÿ∞ï¥∞êÿ∞ñÇ-∞á£11∞₧Ñ-∞ïáδàÉ-∞ïáδó░-Ω╖╕δª¼Ω│á-∞ïáδó░δÅä∞ºä∞ïñ∞¥ÿ-∞ù¡∞áä_6a66f49b9c.md	11장_03_『현대인의 의식수준』 제11장 「신념, 신뢰 그리고 신뢰도」―「진실의 역전」_6a66f49b.md	d8b24c90555692f42e1d66dcd25b6113c542227dcf6f23fb970fed91e70ea2fe
현대인의의식수준	11	4	2026-07-27T15:05:07.636896+09:00	『현대인의 의식수준』 제11장 「신념, 신뢰 그리고 신뢰도」―「권위」·「참다운 권위라는 자산의 상실」	6a66f50e-879c-83ee-b6e1-869c9b941c0a	publish_site/conversations/2026-07-27_φÿäδîÇ∞¥╕∞¥ÿ-∞¥ÿ∞ï¥∞êÿ∞ñÇ-∞á£11∞₧Ñ-∞ïáδàÉ-∞ïáδó░-Ω╖╕δª¼Ω│á-∞ïáδó░δÅäΩ╢î∞£ä-∞░╕δïñ∞Ü┤-Ω╢î∞£äδ¥╝δèö-∞₧É∞é░∞¥ÿ-∞âü∞ïñ_6a66f50e87.md	11장_04_『현대인의 의식수준』 제11장 「신념, 신뢰 그리고 신뢰도」―「권위」·「참다운 권위라는 자산의 상실」_6a66f50e.md	39e5f5e09385e6f1bf183f36ab158fdb2dab9ab30f23562ea63cca5faccb155a
현대인의의식수준	11	5	2026-07-27T16:10:37.016453+09:00	『현대인의 의식수준』 제11장 「신념, 신뢰 그리고 신뢰도」― 「정신병」·「극단주의」	6a670466-d1dc-83e8-ac88-f75f4d7895fe	publish_site/conversations/2026-07-27_φÿäδîÇ∞¥╕∞¥ÿ-∞¥ÿ∞ï¥∞êÿ∞ñÇ-∞á£11∞₧Ñ-∞ïáδàÉ-∞ïáδó░-Ω╖╕δª¼Ω│á-∞ïáδó░δÅä-∞áò∞ïáδ│æ-Ω╖╣δï¿∞ú╝∞¥ÿ_6a670466d1.md	11장_05_『현대인의 의식수준』 제11장 「신념, 신뢰 그리고 신뢰도」― 「정신병」·「극단주의」_6a670466.md	17a5521e158817973b8edc9116633b65fe08d57500e1567e68f174908e1e9f35
현대인의의식수준	11	6	2026-07-31T17:21:14.621385+09:00	『현대인의 의식수준』 제11장 「신념, 신뢰 그리고 신뢰도」||「사회적 기반: 정보/허위정보」	6a6c5ae7-22fc-83ee-987b-8cffde175f4c	publish_site/conversations/2026-07-31_φÿäδîÇ∞¥╕∞¥ÿ-∞¥ÿ∞ï¥∞êÿ∞ñÇ-∞á£11∞₧Ñ-∞ïáδàÉ-∞ïáδó░-Ω╖╕δª¼Ω│á-∞ïáδó░δÅä-∞é¼φÜî∞áü-Ω╕░δ░ÿ-∞áòδ│┤-φùê∞£ä∞áòδ│┤_6a6c5ae722.md	11장_06_『현대인의 의식수준』 제11장 「신념, 신뢰 그리고 신뢰도」_「사회적 기반_ 정보_허위정보」_6a6c5ae7.md	63f5f90178ae40b9e5fa8e26ced38069f3efacf426398d7593f252b16a3fa485
현대인의의식수준	11	7	2026-07-31T17:41:22.575361+09:00	『현대인의 의식수준』 제11장 「신념, 신뢰 그리고 신뢰도」||「믿음과 신뢰의 생존」·「현실 검증의 상실」	6a6c5faf-b370-83e8-97e3-54d0d0b2fa8c	publish_site/conversations/2026-07-31_φÿäδîÇ∞¥╕∞¥ÿ-∞¥ÿ∞ï¥∞êÿ∞ñÇ-∞á£11∞₧Ñ-∞ïáδàÉ-∞ïáδó░-Ω╖╕δª¼Ω│á-∞ïáδó░δÅä-δ»┐∞¥îΩ│╝-∞ïáδó░∞¥ÿ-∞â¥∞í┤-φÿä∞ïñ-Ω▓Ç∞ª¥∞¥ÿ-∞âü∞ïñ_6a6c5fafb3.md	11장_07_『현대인의 의식수준』 제11장 「신념, 신뢰 그리고 신뢰도」_「믿음과 신뢰의 생존」·「현실 검증의 상실」_6a6c5faf.md	3b22004c1e85c0400b2f131c0860b7d83f888d60526412fc3d6df9936b78102d
현대인의의식수준	11	8	2026-07-31T18:09:36.611064+09:00	『현대인의 의식수준』 제11장 「신념, 신뢰 그리고 신뢰도」||「진실의 역전」	6a6c664d-6d7c-83ee-842e-f406c65c520e	publish_site/conversations/2026-07-31_φÿäδîÇ∞¥╕∞¥ÿ-∞¥ÿ∞ï¥∞êÿ∞ñÇ-∞á£11∞₧Ñ-∞ïáδàÉ-∞ïáδó░-Ω╖╕δª¼Ω│á-∞ïáδó░δÅä-∞ºä∞ïñ∞¥ÿ-∞ù¡∞áä_6a6c664d6d.md	11장_08_『현대인의 의식수준』 제11장 「신념, 신뢰 그리고 신뢰도」_「진실의 역전」_6a6c664d.md	a1816b6a78fc9adcd64963936738037f4c7206994e34040af68ccaff03381ae6
현대인의의식수준	11	9	2026-07-31T20:09:17.680706+09:00	『현대인의 의식수준』 제11장 「신념, 신뢰 그리고 신뢰도」||「권위」·「참다운 권위라는 자산의 상실」·「한계」	6a6c824d-5950-83e8-b762-cda633713efe	publish_site/conversations/2026-07-31_φÿäδîÇ∞¥╕∞¥ÿ-∞¥ÿ∞ï¥∞êÿ∞ñÇ-∞á£11∞₧Ñ-∞ïáδàÉ-∞ïáδó░-Ω╖╕δª¼Ω│á-∞ïáδó░δÅä-Ω╢î∞£ä-∞░╕δïñ∞Ü┤-Ω╢î∞£äδ¥╝δèö-∞₧É∞é░∞¥ÿ-∞âü∞ïñ-φò£Ω│ä_6a6c824d59.md	11장_09_『현대인의 의식수준』 제11장 「신념, 신뢰 그리고 신뢰도」_「권위」·「참다운 권위라는 자산의 상실」·「한계」_6a6c824d.md	371127e3ecf33b835b4f63a30c4c71aa7e381e2e4f98aa0d649c362189ae0555
현대인의의식수준	11	10	2026-08-01T01:52:56.405068+09:00	『현대인의 의식수준』 제11장 「신념, 신뢰 그리고 신뢰도」||「자율성」	6a6cd2e1-60a8-83e8-b94b-268472b9c97e	publish_site/conversations/2026-08-01_φÿäδîÇ∞¥╕∞¥ÿ-∞¥ÿ∞ï¥∞êÿ∞ñÇ-∞á£11∞₧Ñ-∞ïáδàÉ-∞ïáδó░-Ω╖╕δª¼Ω│á-∞ïáδó░δÅä-∞₧É∞£¿∞ä▒_6a6cd2e160.md	11장_10_『현대인의 의식수준』 제11장 「신념, 신뢰 그리고 신뢰도」_「자율성」_6a6cd2e1.md	8177459ed1f2ae2f0bd4e5010fe48dac05cd0b171fed062ea1c1ad600b80b2ad
현대인의의식수준	12	1	2026-07-27T19:36:09.583291+09:00	『현대인의 의식수준』 제12장 「가설로서의 신」 전반부	6a673493-f8f8-83e8-b3a4-bbf7dabbf092	publish_site/conversations/2026-07-27_φÿäδîÇ∞¥╕∞¥ÿ-∞¥ÿ∞ï¥∞êÿ∞ñÇ-∞á£12∞₧Ñ-Ω░Ç∞äñδí£∞ä£∞¥ÿ-∞ïá-∞áäδ░ÿδ╢Ç_6a673493f8.md	12장_01_『현대인의 의식수준』 제12장 「가설로서의 신」 전반부_6a673493.md	6f7f5d623c5b657f4f74698a05cc431eb8297793774ea9d07b6e14dd213486cc
현대인의의식수준	12	2	2026-07-27T20:29:37.176380+09:00	『현대인의 의식수준』 제12장 「가설로서의 신」| 「궁극적 실재에 대한 또 다른 묘사」―「해결」―「타고난 한계 극복」	6a67411e-59d0-83ee-9605-26b15792ca86	publish_site/conversations/2026-07-27_φÿäδîÇ∞¥╕∞¥ÿ-∞¥ÿ∞ï¥∞êÿ∞ñÇ-∞á£12∞₧Ñ-Ω░Ç∞äñδí£∞ä£∞¥ÿ-∞ïá-Ω╢üΩ╖╣∞áü-∞ïñ∞₧¼∞ùÉ-δîÇφò£-δÿÉ-δïñδÑ╕-δ¼ÿ∞é¼φò┤Ω▓░φâÇΩ│áδé£-φò£Ω│ä-Ω╖╣δ│╡_6a67411e59.md	12장_02_『현대인의 의식수준』 제12장 「가설로서의 신」_ 「궁극적 실재에 대한 또 다른 묘사」―「해결」―「타고난 한계 극복」_6a67411e.md	2477d887e3d6285fcd8984514fd4b3f947bf5e4da120b0d4f7f858036c27a833
현대인의의식수준	12	3	2026-07-27T20:45:27.389051+09:00	『현대인의 의식수준』 제12장 「가설로서의 신」 ―「문제가 될 수 있는 종교적 교리」·「종교적 일탈」·「세계 갈등의 기본으로 작용하는 종교」	6a6744d2-afb8-83ee-8202-13f8bfaaf2d0	publish_site/conversations/2026-07-27_φÿäδîÇ∞¥╕∞¥ÿ-∞¥ÿ∞ï¥∞êÿ∞ñÇ-∞á£12∞₧Ñ-Ω░Ç∞äñδí£∞ä£∞¥ÿ-∞ïá-δ¼╕∞á£Ω░Ç-δÉá-∞êÿ-∞₧êδèö-∞óàΩ╡É∞áü-Ω╡Éδª¼-∞óàΩ╡É∞áü-∞¥╝φâê-∞ä╕Ω│ä-Ω░êδô▒∞¥ÿ-Ω╕░δ│╕∞£╝δí£-∞₧æ∞Ü⌐φòÿδèö-∞óàΩ╡É_6a6744d2af.md	12장_03_『현대인의 의식수준』 제12장 「가설로서의 신」 ―「문제가 될 수 있는 종교적 교리」·「종교적 일탈」·「세계 갈등의 기본으로 작용하는 종교」_6a6744d2.md	fe117fe4e3295fa5a98c5f21f697a028d20678904719f85203023d1da66a0b0a
현대인의의식수준	12	4	2026-08-01T02:24:26.602282+09:00	『현대인의 의식수준』 제12장 「가설로서의 신」||「들어가며」·「역사적으로 중요한 묘사」·「하나의 개념으로서 신」·「신에 대한 두려움」	6a6cda43-5d40-83ee-9e55-35b9d42f9686	publish_site/conversations/2026-08-01_φÿäδîÇ∞¥╕∞¥ÿ-∞¥ÿ∞ï¥∞êÿ∞ñÇ-∞á£12∞₧Ñ-Ω░Ç∞äñδí£∞ä£∞¥ÿ-∞ïá-δôñ∞û┤Ω░Çδ⌐░-∞ù¡∞é¼∞áü∞£╝δí£-∞ñæ∞Üöφò£-δ¼ÿ∞é¼-φòÿδéÿ∞¥ÿ-Ω░£δàÉ∞£╝δí£∞ä£-∞ïá-∞ïá∞ùÉ-δîÇφò£-δæÉδáñ∞¢Ç_6a6cda435d.md	12장_04_『현대인의 의식수준』 제12장 「가설로서의 신」_「들어가며」·「역사적으로 중요한 묘사」·「하나의 개념으로서 신」·「신에 대한 두려움」_6a6cda43.md	b964f4b77283802f75942f5727bde15dd372942f09febb6934cbc3b5e5e84fe6
현대인의의식수준	12	5	2026-08-01T02:41:40.167545+09:00	『현대인의 의식수준』 제12장 「신: 경험적 실재」||「창조주로서의 신」·「현대과학에서 본 신과 창조」	6a6cde50-ea4c-83e9-bb3e-942e66010b3c	publish_site/conversations/2026-08-01_φÿäδîÇ∞¥╕∞¥ÿ-∞¥ÿ∞ï¥∞êÿ∞ñÇ-∞á£12∞₧Ñ-∞ïá-Ω▓╜φùÿ∞áü-∞ïñ∞₧¼-∞░╜∞í░∞ú╝δí£∞ä£∞¥ÿ-∞ïá-φÿäδîÇΩ│╝φòÖ∞ùÉ∞ä£-δ│╕-∞ïáΩ│╝-∞░╜∞í░_6a6cde50ea.md	12장_05_『현대인의 의식수준』 제12장 「신_ 경험적 실재」_「창조주로서의 신」·「현대과학에서 본 신과 창조」_6a6cde50.md	ae477f0225a64f993b870972d2c5bee95b960d2746d0fd15e83f8079fa89e0f5
현대인의의식수준	12	6	2026-08-01T02:43:58.623768+09:00	『현대인의 의식수준』 제12장 「가설로서의 신」||「해결」·「타고난 한계 극복」	6a6cdec9-c190-83e8-a496-a5347b305699	publish_site/conversations/2026-08-01_φÿäδîÇ∞¥╕∞¥ÿ-∞¥ÿ∞ï¥∞êÿ∞ñÇ-∞á£12∞₧Ñ-Ω░Ç∞äñδí£∞ä£∞¥ÿ-∞ïá-φò┤Ω▓░-φâÇΩ│áδé£-φò£Ω│ä-Ω╖╣δ│╡_6a6cdec9c1.md	12장_06_『현대인의 의식수준』 제12장 「가설로서의 신」_「해결」·「타고난 한계 극복」_6a6cdec9.md	677a46f3c597e5db5fe162a242b79c4ea2cc071a4b2340de48b4678f99dec5dc
현대인의의식수준	12	7	2026-08-01T02:44:46.927970+09:00	『현대인의 의식수준』 제12장 「가설로서의 신」||「문제가 될 수 있는 종교적 교리」·「종교적 일탈」	6a6cdf09-235c-83ee-91d7-c26d86efab7f	publish_site/conversations/2026-08-01_φÿäδîÇ∞¥╕∞¥ÿ-∞¥ÿ∞ï¥∞êÿ∞ñÇ-∞á£12∞₧Ñ-Ω░Ç∞äñδí£∞ä£∞¥ÿ-∞ïá-δ¼╕∞á£Ω░Ç-δÉá-∞êÿ-∞₧êδèö-∞óàΩ╡É∞áü-Ω╡Éδª¼-∞óàΩ╡É∞áü-∞¥╝φâê_6a6cdf0923.md	12장_07_『현대인의 의식수준』 제12장 「가설로서의 신」_「문제가 될 수 있는 종교적 교리」·「종교적 일탈」_6a6cdf09.md	6a1e91c57f7455482b40275353f7b13b4b94aced06416e04df9839ddfc1d7495
현대인의의식수준	13	1	2026-07-27T23:55:32.955460+09:00	『현대인의 의식수준』 제13장 「의심, 회의론 그리고 불신」―「들어가며」	6a677160-2350-83e9-9a7e-2a8c7b9d8f20	publish_site/conversations/2026-07-27_φÿäδîÇ∞¥╕∞¥ÿ-∞¥ÿ∞ï¥∞êÿ∞ñÇ-∞á£13∞₧Ñ-∞¥ÿ∞ï¼-φÜî∞¥ÿδíá-Ω╖╕δª¼Ω│á-δ╢ê∞ïáδôñ∞û┤Ω░Çδ⌐░_6a67716023.md	13장_01_『현대인의 의식수준』 제13장 「의심, 회의론 그리고 불신」―「들어가며」_6a677160.md	1301d531d5feaa17c177b2d8195b68430bfcc15cba3d0901b0db14301319f426
현대인의의식수준	13	2	2026-07-27T23:56:05.689041+09:00	『현대인의 의식수준』 제13장 「의심, 회의론 그리고 불신」―「회의론자들」	6a67716d-fc74-83ee-8b71-7f55b2906fb7	publish_site/conversations/2026-07-27_φÿäδîÇ∞¥╕∞¥ÿ-∞¥ÿ∞ï¥∞êÿ∞ñÇ-∞á£13∞₧Ñ-∞¥ÿ∞ï¼-φÜî∞¥ÿδíá-Ω╖╕δª¼Ω│á-δ╢ê∞ïáφÜî∞¥ÿδíá∞₧Éδôñ_6a67716dfc.md	13장_02_『현대인의 의식수준』 제13장 「의심, 회의론 그리고 불신」―「회의론자들」_6a67716d.md	2c1099ab1ff26ee241293f542e9a2cc595ed14cc452c8550567205ecd0e15481
현대인의의식수준	13	3	2026-07-28T10:49:09.551320+09:00	『현대인의 의식수준』 제13장 「의심, 회의론 그리고 불신」―「무신론, 불가지론, 무신앙」	6a680a86-8298-83e8-8ff2-96d595286822	publish_site/conversations/2026-07-28_φÿäδîÇ∞¥╕∞¥ÿ-∞¥ÿ∞ï¥∞êÿ∞ñÇ-∞á£13∞₧Ñ-∞¥ÿ∞ï¼-φÜî∞¥ÿδíá-Ω╖╕δª¼Ω│á-δ╢ê∞ïáδ¼┤∞ïáδíá-δ╢êΩ░Ç∞ºÇδíá-δ¼┤∞ïá∞òÖ_6a680a8682.md	13장_03_『현대인의 의식수준』 제13장 「의심, 회의론 그리고 불신」―「무신론, 불가지론, 무신앙」_6a680a86.md	eb945c68d5def760a46935817b5ed66adc5a4180eb294e246b9b87e717312327
현대인의의식수준	13	4	2026-08-01T12:37:15.325851+09:00	『현대인의 의식수준』 제13장 「의심, 회의론 그리고 불신」||「들어가며」	6a6d69e6-7b78-83ee-a66f-b29a620941e1	publish_site/conversations/2026-08-01_φÿäδîÇ∞¥╕∞¥ÿ-∞¥ÿ∞ï¥∞êÿ∞ñÇ-∞á£13∞₧Ñ-∞¥ÿ∞ï¼-φÜî∞¥ÿδíá-Ω╖╕δª¼Ω│á-δ╢ê∞ïá-δôñ∞û┤Ω░Çδ⌐░_6a6d69e67b.md	13장_04_『현대인의 의식수준』 제13장 「의심, 회의론 그리고 불신」_「들어가며」_6a6d69e6.md	5c4e51677c81260e39c108816a4c95653de8b177ef0998156011f4f9c747628e
현대인의의식수준	13	5	2026-08-01T12:37:54.436648+09:00	『현대인의 의식수준』 제13장 「의심, 회의론 그리고 불신」||「회의론자들」	6a6d69ef-ccd4-83ee-9cb6-81dbccbdb761	publish_site/conversations/2026-08-01_φÿäδîÇ∞¥╕∞¥ÿ-∞¥ÿ∞ï¥∞êÿ∞ñÇ-∞á£13∞₧Ñ-∞¥ÿ∞ï¼-φÜî∞¥ÿδíá-Ω╖╕δª¼Ω│á-δ╢ê∞ïá-φÜî∞¥ÿδíá∞₧Éδôñ_6a6d69efcc.md	13장_05_『현대인의 의식수준』 제13장 「의심, 회의론 그리고 불신」_「회의론자들」_6a6d69ef.md	9344a9d59fbdcc9e39c89b090851f5cd5e3a7c88025f5c0e292c8f71fc6d3196
현대인의의식수준	13	6	2026-08-01T12:46:08.466802+09:00	『현대인의 의식수준』 제13장 「의심, 회의론 그리고 불신」||「사회적 생존」·「무신론, 불가지론, 무신앙」	6a6d6bf9-d894-83ee-b3f8-b7d8d8df90b0	publish_site/conversations/2026-08-01_φÿäδîÇ∞¥╕∞¥ÿ-∞¥ÿ∞ï¥∞êÿ∞ñÇ-∞á£13∞₧Ñ-∞¥ÿ∞ï¼-φÜî∞¥ÿδíá-Ω╖╕δª¼Ω│á-δ╢ê∞ïá-∞é¼φÜî∞áü-∞â¥∞í┤-δ¼┤∞ïáδíá-δ╢êΩ░Ç∞ºÇδíá-δ¼┤∞ïá∞òÖ_6a6d6bf9d8.md	13장_06_『현대인의 의식수준』 제13장 「의심, 회의론 그리고 불신」_「사회적 생존」·「무신론, 불가지론, 무신앙」_6a6d6bf9.md	43eabe301781ba55a59ebea9e7d2412142a0a937d420c6f4d4b09e21a222d42e
현대인의의식수준	14	1	2026-07-28T11:29:03.406646+09:00	『현대인의 의식수준』 제14장 「영적 경로」 「들어가며」·「기본 경로—종교」	6a6813df-ddec-83ee-8505-afd24c8e7b2c	publish_site/conversations/2026-07-28_φÿäδîÇ∞¥╕∞¥ÿ-∞¥ÿ∞ï¥∞êÿ∞ñÇ-∞á£14∞₧Ñ-∞ÿü∞áü-Ω▓╜δí£-δôñ∞û┤Ω░Çδ⌐░-Ω╕░δ│╕-Ω▓╜δí£-∞óàΩ╡É_6a6813dfdd.md	14장_01_『현대인의 의식수준』 제14장 「영적 경로」 「들어가며」·「기본 경로—종교」_6a6813df.md	c821ee17a5019dbf1b0e1ab6f420dd7e5ab72ac34f1bc785183dc93fdbead11b
현대인의의식수준	14	2	2026-08-01T13:55:01.259082+09:00	『현대인의 의식수준』 제14장 「영적 경로」||「들어가며」·「기본 경로 - 종교」·「종파주의와 파벌적 종교성」	6a6d7c15-e688-83ee-99b5-27bffd038223	publish_site/conversations/2026-08-01_φÿäδîÇ∞¥╕∞¥ÿ-∞¥ÿ∞ï¥∞êÿ∞ñÇ-∞á£14∞₧Ñ-∞ÿü∞áü-Ω▓╜δí£-δôñ∞û┤Ω░Çδ⌐░-Ω╕░δ│╕-Ω▓╜δí£-∞óàΩ╡É-∞óàφîî∞ú╝∞¥ÿ∞ÖÇ-φîîδ▓î∞áü-∞óàΩ╡É∞ä▒_6a6d7c15e6.md	14장_02_『현대인의 의식수준』 제14장 「영적 경로」_「들어가며」·「기본 경로 - 종교」·「종파주의와 파벌적 종교성」_6a6d7c15.md	5e5e33e86a1da8c6764274c7bc84346d563a73e81d303673a04401f1e9f27101
현대인의의식수준	14	3	2026-08-01T13:56:29.953298+09:00	『현대인의 의식수준』 제14장 「영적 경로」||「미덕(의식 수준 210에서 385)」·「겸손, 학습능력」	6a6d7c6f-7dd0-83ee-88ec-1fe9def76af6	publish_site/conversations/2026-08-01_φÿäδîÇ∞¥╕∞¥ÿ-∞¥ÿ∞ï¥∞êÿ∞ñÇ-∞á£14∞₧Ñ-∞ÿü∞áü-Ω▓╜δí£-δ»╕δìò∞¥ÿ∞ï¥-∞êÿ∞ñÇ-210∞ùÉ∞ä£-385-Ω▓╕∞åÉ-φòÖ∞è╡δèÑδáÑ_6a6d7c6f7d.md	14장_03_『현대인의 의식수준』 제14장 「영적 경로」_「미덕(의식 수준 210에서 385)」·「겸손, 학습능력」_6a6d7c6f.md	aa0a206435f456f0cfe9edb3882abd1b70fd87e532a38b3c79e734f554f04655
현대인의의식수준	14	4	2026-08-01T14:11:32.374928+09:00	『현대인의 의식수준』 제14장 「영적 경로」||「마음으로 그려 보기」·「위기와 재앙」·「강압」·「내려놓음과 생존」	6a6d7ff8-6c80-83ee-825a-33311857d395	publish_site/conversations/2026-08-01_φÿäδîÇ∞¥╕∞¥ÿ-∞¥ÿ∞ï¥∞êÿ∞ñÇ-∞á£14∞₧Ñ-∞ÿü∞áü-Ω▓╜δí£-δºê∞¥î∞£╝δí£-Ω╖╕δáñ-δ│┤Ω╕░-∞£äΩ╕░∞ÖÇ-∞₧¼∞òÖ-Ω░ò∞òò-δé┤δáñδåô∞¥îΩ│╝-∞â¥∞í┤_6a6d7ff86c.md	14장_04_『현대인의 의식수준』 제14장 「영적 경로」_「마음으로 그려 보기」·「위기와 재앙」·「강압」·「내려놓음과 생존」_6a6d7ff8.md	06610c3dab83b7d5356526616bb88e8fa3b58dab697c222c1465b3d813d0d970
현대인의의식수준	14	5	2026-08-01T14:13:20.583374+09:00	『현대인의 의식수준』 제14장 「영적 경로」||「세속의 일시성」	6a6d8061-5ce0-83e8-9f20-6ab4d2ab7cc5	publish_site/conversations/2026-08-01_φÿäδîÇ∞¥╕∞¥ÿ-∞¥ÿ∞ï¥∞êÿ∞ñÇ-∞á£14∞₧Ñ-∞ÿü∞áü-Ω▓╜δí£-∞ä╕∞åì∞¥ÿ-∞¥╝∞ï£∞ä▒_6a6d80615c.md	14장_05_『현대인의 의식수준』 제14장 「영적 경로」_「세속의 일시성」_6a6d8061.md	6a45511d60fa52c6ddc22e5a1e6586c337775e46cd033aa5909d550e165e5733
현대인의의식수준	15	1	2026-08-01T19:23:50.112930+09:00	『현대인의 의식수준』 제15장 「기도하는 사람 되기: 관상과 명상」||「들어가며」·「관상」·「명상」·「통합」·「요약」	6a6dc91b-4a70-83e8-9bb4-c650287e381d	publish_site/conversations/2026-08-01_φÿäδîÇ∞¥╕∞¥ÿ-∞¥ÿ∞ï¥∞êÿ∞ñÇ-∞á£15∞₧Ñ-Ω╕░δÅäφòÿδèö-∞é¼δ₧î-δÉÿΩ╕░-Ω┤Ç∞âüΩ│╝-δ¬à∞âü-δôñ∞û┤Ω░Çδ⌐░-Ω┤Ç∞âü-δ¬à∞âü-φå╡φò⌐-∞Üö∞ò╜_6a6dc91b4a.md	15장_01_『현대인의 의식수준』 제15장 「기도하는 사람 되기_ 관상과 명상」_「들어가며」·「관상」·「명상」·「통합」·「요약」_6a6dc91b.md	bb5d95fc19a6c1a96689ec1c115047800c0220787deb527fc2e26da8f4b893a7
현대인의의식수준	15	2	2026-08-01T19:31:52.258582+09:00	『현대인의 의식수준』 제15장 「기도하는 사람 되기: 관상과 명상」||「고요의 영역」	6a6dcb14-ea90-83ee-850d-5a98ff07a9a6	publish_site/conversations/2026-08-01_φÿäδîÇ∞¥╕∞¥ÿ-∞¥ÿ∞ï¥∞êÿ∞ñÇ-∞á£15∞₧Ñ-Ω╕░δÅäφòÿδèö-∞é¼δ₧î-δÉÿΩ╕░-Ω┤Ç∞âüΩ│╝-δ¬à∞âü-Ω│á∞Üö∞¥ÿ-∞ÿü∞ù¡_6a6dcb14ea.md	15장_02_『현대인의 의식수준』 제15장 「기도하는 사람 되기_ 관상과 명상」_「고요의 영역」_6a6dcb14.md	e3c891e76325755f0535bc8f54138134de97f078cf3111290d74a9238dfe96c9
현대인의의식수준	16	1	2026-08-01T19:44:25.517959+09:00	『현대인의 의식수준』 제16장 「세상 초월하기」||「있는 그대로의 세상」	6a6dce06-4aa0-83e8-b44e-c7faf8122eca	publish_site/conversations/2026-08-01_φÿäδîÇ∞¥╕∞¥ÿ-∞¥ÿ∞ï¥∞êÿ∞ñÇ-∞á£16∞₧Ñ-∞ä╕∞âü-∞┤ê∞¢öφòÿΩ╕░-∞₧êδèö-Ω╖╕δîÇδí£∞¥ÿ-∞ä╕∞âü_6a6dce064a.md	16장_01_『현대인의 의식수준』 제16장 「세상 초월하기」_「있는 그대로의 세상」_6a6dce06.md	1465958207d2703e8a91f8ff11a55df68a2ee572ec802c9fbfbc1bcbb7c0a647
현대인의의식수준	16	2	2026-08-01T19:44:49.569169+09:00	『현대인의 의식수준』 제16장 「세상 초월하기」||「선악이라는 난제」	6a6dce1b-bc78-83ee-9bc0-1e795cd66c46	publish_site/conversations/2026-08-01_φÿäδîÇ∞¥╕∞¥ÿ-∞¥ÿ∞ï¥∞êÿ∞ñÇ-∞á£16∞₧Ñ-∞ä╕∞âü-∞┤ê∞¢öφòÿΩ╕░-∞äá∞òà∞¥┤δ¥╝δèö-δé£∞á£_6a6dce1bbc.md	16장_02_『현대인의 의식수준』 제16장 「세상 초월하기」_「선악이라는 난제」_6a6dce1b.md	c32cf325a630ffa5cbabeba567ac22ecb01673dcb464b026c6c7686d201b10f0
현대인의의식수준	16	3	2026-08-01T19:45:12.854138+09:00	『현대인의 의식수준』 제16장 「세상 초월하기」||「철학적 수용」·「유머」	6a6dce35-acf4-83ee-9b2a-2bd400a7f5e7	publish_site/conversations/2026-08-01_φÿäδîÇ∞¥╕∞¥ÿ-∞¥ÿ∞ï¥∞êÿ∞ñÇ-∞á£16∞₧Ñ-∞ä╕∞âü-∞┤ê∞¢öφòÿΩ╕░-∞▓áφòÖ∞áü-∞êÿ∞Ü⌐-∞£áδ¿╕_6a6dce35ac.md	16장_03_『현대인의 의식수준』 제16장 「세상 초월하기」_「철학적 수용」·「유머」_6a6dce35.md	77c320fa92467c5614c56f9ac807fe378655f33c731164be9518aa85b97cd41d
현대인의의식수준	17	1	2026-08-02T00:48:25.825045+09:00	『현대인의 의식수준』 제17장 「도덕, 이성 그리고 믿음」||「영적 비전」·「도덕성과 창조」·「믿음과 이성의 통합」	6a6e152c-c450-83e8-9fd0-0bd1813d9d63	publish_site/conversations/2026-08-02_φÿäδîÇ∞¥╕∞¥ÿ-∞¥ÿ∞ï¥∞êÿ∞ñÇ-∞á£17∞₧Ñ-δÅäδìò-∞¥┤∞ä▒-Ω╖╕δª¼Ω│á-δ»┐∞¥î-∞ÿü∞áü-δ╣ä∞áä-δÅäδìò∞ä▒Ω│╝-∞░╜∞í░-δ»┐∞¥îΩ│╝-∞¥┤∞ä▒∞¥ÿ-φå╡φò⌐_6a6e152cc4.md	17장_01_『현대인의 의식수준』 제17장 「도덕, 이성 그리고 믿음」_「영적 비전」·「도덕성과 창조」·「믿음과 이성의 통합」_6a6e152c.md	86a5606e747bd08497a0891f3848a6a01701167c1988dddb60fe6fdfb43bb922
현대인의의식수준	18	1	2026-08-01T23:50:54.295105+09:00	『현대인의 의식수준』 제18장 「나르시시즘: 에고 숭배」||「도덕적 권위: 크나큰 갈등」	6a6e07c7-cff4-83ee-b36e-729b4584f015	publish_site/conversations/2026-08-01_φÿäδîÇ∞¥╕∞¥ÿ-∞¥ÿ∞ï¥∞êÿ∞ñÇ-∞á£18∞₧Ñ-δéÿδÑ┤∞ï£∞ï£∞ªÿ-∞ùÉΩ│á-∞ê¡δ░░-δÅäδìò∞áü-Ω╢î∞£ä-φü¼δéÿφü░-Ω░êδô▒_6a6e07c7cf.md	18장_01_『현대인의 의식수준』 제18장 「나르시시즘_ 에고 숭배」_「도덕적 권위_ 크나큰 갈등」_6a6e07c7.md	2cc75936dc35ce8a9122c5ec1bb6b2633a8b7e64dd3d4101294d6b6238c9c995
현대인의의식수준	18	2	2026-08-02T00:47:07.731345+09:00	『현대인의 의식수준』 제18장 「나르시시즘: 에고 숭배」||「‘-주의’의 힘」·「도덕적 우월성으로서의 이상주의」	6a6e14f5-657c-83ee-a05d-2d2b9ce1a2b0	publish_site/conversations/2026-08-02_φÿäδîÇ∞¥╕∞¥ÿ-∞¥ÿ∞ï¥∞êÿ∞ñÇ-∞á£18∞₧Ñ-δéÿδÑ┤∞ï£∞ï£∞ªÿ-∞ùÉΩ│á-∞ê¡δ░░-∞ú╝∞¥ÿ∞¥ÿ-φ₧ÿ-δÅäδìò∞áü-∞Ü░∞¢ö∞ä▒∞£╝δí£∞ä£∞¥ÿ-∞¥┤∞âü∞ú╝∞¥ÿ_6a6e14f565.md	18장_02_『현대인의 의식수준』 제18장 「나르시시즘_ 에고 숭배」_「‘-주의’의 힘」·「도덕적 우월성으로서의 이상주의」_6a6e14f5.md	9e34870180b412c5e1e11ee6561f5d83a4dc9c177404151c723dee649cb8c004
현대인의의식수준	19	1	2026-08-02T02:49:00.792753+09:00	『현대인의 의식수준』 제19장 「실습」||「최후의 결전」·「후유증」	6a6e3183-585c-83ee-8b63-a86cded98761	publish_site/conversations/2026-08-02_φÿäδîÇ∞¥╕∞¥ÿ-∞¥ÿ∞ï¥∞êÿ∞ñÇ-∞á£19∞₧Ñ-∞ïñ∞è╡-∞╡£φ¢ä∞¥ÿ-Ω▓░∞áä-φ¢ä∞£á∞ª¥_6a6e318358.md	19장_01_『현대인의 의식수준』 제19장 「실습」_「최후의 결전」·「후유증」_6a6e3183.md	825d6dd3bf9e5b4a16d6ed0ebfb9e061343119b685fc5cf872dbfbb25fde1079
